Annual Subway Ridership,,,,,,,,,,,,,
Station (alphabetical by borough),*,Boro,2018,2019,2020,2021,2022,2023,2022-2023 Change,,2023 Rank,,
The Bronx,,,,,,,,,,,,,
"138 St-Grand Concourse (4,5)",1,Bx,"944,598","1,035,878","371,408","656,866","766,610","785,271","18,661",2.4%,336,,
"149 St-Grand Concourse (2,4,5)",,Bx,"3,972,763","3,931,908","1,815,785","1,832,521","2,026,363","2,087,779","61,416",3.0%,154,,
"161 St-Yankee Stadium (B,D,4)",,Bx,"8,392,290","8,254,928","3,221,651","4,077,604","5,023,193","5,316,351","293,158",5.8%,54,,
167 St (4),,Bx,"2,933,140","2,653,237","1,396,287","1,615,072","1,847,368","1,901,393","54,025",2.9%,175,,
"167 St (B,D)",2,Bx,"2,022,919","2,734,530","1,422,149","1,508,270","1,492,833","1,411,144","-81,689",-5.5%,206,,
170 St (4),,Bx,"2,562,443","2,487,611","1,265,950","1,278,506","1,499,662","1,448,193","-51,469",-3.4%,222,,
"170 St (B,D)",,Bx,"2,454,974","2,130,461","1,002,095","1,104,637","1,121,869","1,001,022","-120,847",-10.8%,280,,
"174 St (2,5)",,Bx,"2,056,692","2,057,118","953,564","1,077,126","1,140,821","1,118,781","-22,040",-1.9%,271,,
"174-175 Sts (B,D)",3,Bx,"1,005,075","1,518,260","788,121","853,579","859,988","774,167","-85,821",-10.0%,324,,
176 St (4),,Bx,"1,803,691","1,713,696","876,865","939,585","1,055,833","1,041,352","-14,481",-1.4%,290,,
"182-183 Sts (B,D)",,Bx,"1,502,814","1,513,443","761,613","812,994","866,961","824,845","-42,116",-4.9%,313,,
183 St (4),,Bx,"1,831,457","1,779,224","951,634","1,051,456","1,196,389","1,188,844","-7,545",-0.6%,275,,
"219 St (2,5)",,Bx,"1,026,894","979,390","457,388","495,442","530,795","490,047","-40,748",-7.7%,391,,
"225 St (2,5)",,Bx,"1,224,369","1,187,486","549,296","605,491","621,548","589,541","-32,007",-5.1%,365,,
231 St (1),,Bx,"3,133,231","2,919,305","1,289,691","1,462,605","1,810,807","1,894,047","83,240",4.6%,169,,
"233 St (2,5)",,Bx,"1,496,673","1,445,532","721,495","796,596","845,998","845,056",-942,-0.1%,322,,
238 St (1),4,Bx,"960,970","1,204,095","588,199","678,017","872,799","959,752","86,953",10.0%,298,,
3 Av-138 St (6),,Bx,"2,451,972","2,503,850","1,271,192","1,359,371","1,503,905","1,750,592","246,687",16.4%,177,,
"3 Av-149 St (2,5)",,Bx,"6,784,053","6,768,255","3,166,766","3,301,418","3,330,977","3,333,256","2,279",0.1%,89,,
"Allerton Av (2,5)",,Bx,"1,603,702","1,614,464","760,068","850,231","896,938","874,229","-22,709",-2.5%,315,,
Baychester Av (5),,Bx,"1,006,343","1,094,872","491,293","485,836","548,542","540,493","-8,049",-1.5%,371,,
"Bedford Park Blvd (B,D)",,Bx,"1,984,267","2,143,375","968,590","1,106,992","1,165,034","1,166,942","1,908",0.2%,242,,
Bedford Park Blvd-Lehman College (4),,Bx,"1,575,555","1,538,253","691,845","795,864","1,091,465","1,182,701","91,236",8.4%,273,,
"Bronx Park East (2,5)",,Bx,"752,916","769,303","354,016","421,588","470,109","456,352","-13,757",-2.9%,393,,
Brook Av (6),,Bx,"1,895,570","1,823,468","949,904","1,026,185","1,117,049","1,104,521","-12,528",-1.1%,279,,
Buhre Av (6),,Bx,"1,110,307","1,146,032","519,694","585,402","734,364","758,972","24,608",3.4%,329,,
"Burke Av (2,5)",,Bx,"997,617","1,000,896","480,152","531,811","552,450","532,937","-19,513",-3.5%,377,,
Burnside Av (4),,Bx,"3,198,218","3,113,514","1,473,081","1,614,822","1,824,767","1,891,402","66,635",3.7%,176,,
Castle Hill Av (6),,Bx,"2,000,084","1,954,511","947,432","1,043,725","1,196,644","1,051,526","-145,118",-12.1%,274,,
Cypress Av (6),,Bx,"1,113,667","1,043,922","507,795","519,868","559,225","501,060","-58,165",-10.4%,386,,
East 143 St-St Mary's St (6),,Bx,"301,240","313,938","168,285","196,864","254,297","254,155",-142,-0.1%,414,,
East 149 St (6),,Bx,"1,508,022","1,467,410","788,235","828,659","927,728","966,053","38,325",4.1%,299,,
"East 180 St (2,5)",,Bx,"2,249,646","2,211,198","1,142,139","1,216,916","1,421,302","1,690,373","269,071",18.9%,184,,
Eastchester-Dyre Av (5),,Bx,"1,259,009","1,331,886","631,122","658,061","724,813","727,475","2,662",0.4%,334,,
Elder Av (6),,Bx,"2,000,985","1,996,492","1,053,012","1,148,003","1,297,150","1,214,084","-83,066",-6.4%,260,,
Fordham Rd (4),,Bx,"3,321,215","3,120,976","1,580,225","1,837,293","2,066,360","2,269,772","203,412",9.8%,157,,
"Fordham Rd (B,D)",,Bx,"3,596,416","3,671,217","1,713,032","1,843,504","1,838,773","1,842,281","3,508",0.2%,160,,
"Freeman St (2,5)",,Bx,"1,354,453","1,358,821","642,087","739,184","840,179","822,237","-17,942",-2.1%,327,,
"Gun Hill Rd (2,5)",,Bx,"2,197,147","2,271,942","1,012,373","1,103,035","1,142,015","1,214,663","72,648",6.4%,255,,
Gun Hill Rd (5),5,Bx,"1,521,987","1,248,513","466,005","757,669","909,737","925,025","15,288",1.7%,294,,
Hunts Point Av (6),,Bx,"3,216,569","3,174,354","1,633,812","1,729,412","1,992,329","2,140,557","148,228",7.4%,150,,
"Intervale Av (2,5)",,Bx,"943,016","964,689","472,958","547,183","591,075","580,512","-10,563",-1.8%,366,,
"Jackson Av (2,5)",,Bx,"1,597,307","1,584,727","740,308","830,161","951,497","919,324","-32,173",-3.4%,303,,
Kingsbridge Rd (4),,Bx,"2,783,082","2,733,096","1,357,273","1,494,520","1,800,580","1,958,074","157,494",8.7%,171,,
"Kingsbridge Rd (B,D)",,Bx,"2,475,107","2,485,283","1,189,102","1,195,990","1,200,434","1,140,981","-59,453",-5.0%,246,,
Longwood Av (6),6,Bx,"1,040,934","949,680","390,165","554,609","675,547","686,670","11,123",1.6%,351,,
Middletown Rd (6),,Bx,"595,044","597,839","257,912","289,799","363,695","401,976","38,281",10.5%,398,,
Morris Park (5),,Bx,"668,423","711,229","318,988","373,691","469,688","521,846","52,158",11.1%,375,,
Morrison Av-Soundview (6),,Bx,"1,988,053","1,970,185","1,000,610","1,095,552","1,236,633","1,221,900","-14,733",-1.2%,253,,
Mosholu Pkwy (4),,Bx,"2,531,607","2,491,758","1,274,467","1,423,888","1,647,450","1,728,114","80,664",4.9%,186,,
Mt Eden Av (4),,Bx,"1,652,407","1,551,038","823,443","904,701","990,090","990,912",822,0.1%,297,,
"Nereid Av (2,5)",,Bx,"1,034,335","1,006,617","470,230","538,907","588,166","583,996","-4,170",-0.7%,360,,
Norwood-205 St (D),7,Bx,"2,611,874","2,639,003","1,315,356","1,366,801","1,435,139","1,196,666","-238,473",-16.6%,233,,
Parkchester (6),,Bx,"4,836,244","4,734,709","2,205,552","2,409,332","2,809,208","3,295,956","486,748",17.3%,96,,
Pelham Bay Park (6),,Bx,"2,146,552","2,134,403","951,324","1,011,530","1,123,255","1,180,813","57,558",5.1%,257,,
"Pelham Pkwy (2,5)",,Bx,"2,639,586","2,651,208","1,222,206","1,427,443","1,433,009","1,686,103","253,094",17.7%,182,,
Pelham Pkwy (5),,Bx,"844,884","896,134","405,004","447,473","547,814","564,687","16,873",3.1%,359,,
"Prospect Av (2,5)",,Bx,"2,142,697","2,148,059","1,021,781","1,125,530","1,233,175","1,248,614","15,439",1.3%,243,,
"Simpson St (2,5)",,Bx,"2,585,974","2,602,749","1,230,833","1,385,438","1,427,465","1,336,897","-90,568",-6.3%,226,,
St. Lawrence Ave. (6),,Bx,"1,273,609","1,276,865","641,826","699,851","793,668","816,020","22,352",2.8%,332,,
"Tremont Av (B,D)",,Bx,"3,246,064","3,052,099","1,433,744","1,518,048","1,446,787","1,192,367","-254,420",-17.6%,236,,
Van Cortlandt Park-242 St (1),,Bx,"2,333,136","2,189,109","980,836","1,111,670","1,350,182","1,409,910","59,728",4.4%,213,,
Wakefield-241 St (2),,Bx,"1,484,478","1,404,748","711,029","773,321","798,984","794,723","-4,261",-0.5%,337,,
"West Farms Sq-East Tremont Av (2,5)",,Bx,"2,094,751","2,104,945","947,252","1,072,113","1,104,895","997,755","-107,140",-9.7%,292,,
Westchester Sq-East Tremont Av (6),8,Bx,"1,817,925","1,796,415","835,515","929,707","1,037,465","773,043","-264,422",-25.5%,328,,
Whitlock Av (6),,Bx,"592,103","586,845","308,198","331,929","378,959","385,838","6,879",1.8%,404,,
Woodlawn (4),,Bx,"2,160,859","2,094,285","949,554","1,112,041","1,164,758","1,299,027","134,269",11.5%,238,,
Zerega Av (6),,Bx,"792,928","795,756","361,499","401,426","482,341","504,725","22,384",4.6%,376,,
Brooklyn,,,,,,,,,,,,,
"15 St-Prospect Park (F,G)",,B,"1,867,619","1,964,534","681,492","861,654","1,195,846","1,390,166","194,320",16.2%,230,,
18 Av (D),,B,"1,909,554","1,942,617","851,720","953,937","1,245,222","1,336,402","91,180",7.3%,231,,
18 Av (F),,B,"1,163,390","1,113,492","503,136","556,981","668,159","724,074","55,915",8.4%,338,,
18 Av (N),9,B,"981,261","1,179,756","677,764","895,072","1,085,017","1,190,431","105,414",9.7%,269,,
20 Av (D),,B,"1,534,396","1,578,971","703,957","780,372","1,032,840","1,125,752","92,912",9.0%,277,,
20 Av (N),10,B,"1,075,077","1,142,086","486,218","627,481","833,636","931,058","97,422",11.7%,306,,
25 Av (D),,B,"1,571,134","1,507,759","609,450","671,478","870,160","948,677","78,517",9.0%,305,,
25 St (R),,B,"1,149,469","1,153,842","504,579","632,081","758,500","822,024","63,524",8.4%,330,,
"36 St (D,N,R)",,B,"4,293,364","4,254,406","1,924,520","2,410,423","3,189,981","3,458,960","268,979",8.4%,91,,
"4 Av (F,G)/9 St (R)",,B,"3,906,028","3,924,882","1,531,708","1,946,762","2,559,111","2,832,325","273,214",10.7%,115,,
45 St (R),,B,"2,251,921","2,461,410","1,081,234","1,357,398","1,610,445","1,884,446","274,001",17.0%,173,,
50 St (D),,B,"965,643","976,988","521,944","589,552","718,744","753,338","34,594",4.8%,341,,
53 St (R),,B,"2,378,056","2,797,730","1,368,019","1,603,169","1,869,707","2,018,914","149,207",8.0%,163,,
55 St (D),,B,"650,590","637,405","330,043","363,734","406,691","418,218","11,527",2.8%,400,,
"59 St (N,R)",,B,"3,998,207","3,664,480","1,631,566","2,190,023","2,640,485","2,855,080","214,595",8.1%,110,,
"7 Av (B,Q)",,B,"3,126,475","3,103,599","1,007,948","1,382,641","1,896,094","2,160,144","264,050",13.9%,146,,
"7 Av (F,G)",,B,"3,572,223","3,675,218","1,314,989","1,694,473","2,374,719","2,688,069","313,350",13.2%,123,,
71 St (D),,B,"1,746,966","1,722,921","721,711","788,730","1,016,652","1,069,576","52,924",5.2%,286,,
77 St (R),,B,"1,676,402","1,674,582","700,333","839,021","1,021,447","1,194,631","173,184",17.0%,258,,
79 St (D),,B,"1,901,043","1,926,290","816,330","964,785","1,254,702","1,311,172","56,470",4.5%,235,,
8 Av (N),,B,"3,700,661","3,801,700","1,424,892","1,771,913","2,314,853","2,561,457","246,604",10.7%,139,,
86 St. (N),11,B,"609,555","708,542","365,213","442,826","531,019","557,808","26,789",5.0%,379,,
86 St. (R),,B,"3,470,741","3,434,888","1,538,353","1,869,595","2,269,098","2,636,985","367,887",16.2%,124,,
9 Av (D),,B,"1,667,200","1,708,387","807,970","926,924","1,201,915","1,263,578","61,663",5.1%,248,,
Alabama Av (J),,B,"652,030","628,299","337,011","367,463","365,853","365,995",142,0.0%,406,,
Atlantic Av (L),,B,"559,411","469,819","228,515","273,703","332,637","351,212","18,575",5.6%,409,,
"Atlantic Av-Barclays Ctr (B,D,N,Q,R,2,3,4,5)",,B,"13,807,282","13,939,794","5,474,265","6,420,924","8,482,075","9,583,506","1,101,431",13.0%,19,,
Avenue H (Q),,B,"1,034,018","991,766","395,439","420,875","603,679","646,824","43,145",7.1%,354,,
Avenue I (F),12,B,"326,005","584,129","262,583","286,430","352,714","381,174","28,460",8.1%,402,,
Avenue J (Q),,B,"1,878,547","1,775,846","799,621","973,093","1,119,574","1,169,052","49,478",4.4%,265,,
Avenue M (Q),,B,"1,808,189","1,691,285","763,258","956,834","1,135,367","1,211,324","75,957",6.7%,249,,
Avenue N (F),13,B,"612,201","877,383","393,183","416,424","522,722","600,279","77,557",14.8%,355,,
Avenue P (F),14,B,"509,036","739,804","333,836","361,909","468,588","538,576","69,988",14.9%,370,,
Avenue U (F),15,B,"310,821","547,776","248,310","268,720","334,808","386,152","51,344",15.3%,401,,
Avenue U (N),16,B,"830,278","1,019,104","503,937","659,430","788,389","877,440","89,051",11.3%,325,,
Avenue U (Q),,B,"2,329,614","2,301,941","979,080","1,194,190","1,422,746","1,589,246","166,500",11.7%,198,,
Avenue X (F),,B,"775,436","758,700","334,714","345,053","442,124","479,429","37,305",8.4%,378,,
Bay 50 St (D),,B,"826,074","821,873","351,591","431,849","563,601","575,901","12,300",2.2%,372,,
Bay Pkwy (D),,B,"2,435,949","2,446,673","1,086,573","1,198,845","1,562,104","1,714,685","152,581",9.8%,183,,
Bay Pkwy (F),17,B,"188,225","362,802","167,877","186,383","240,275","279,620","39,345",16.4%,413,,
Bay Pkwy (N),,B,"2,266,916","2,071,452","940,309","1,204,285","1,481,407","1,594,271","112,864",7.6%,205,,
Bay Ridge Av (R),,B,"2,228,497","2,354,120","1,023,374","1,248,115","1,520,403","1,784,703","264,300",17.4%,178,,
Bay Ridge-95 St (R),,B,"1,739,178","1,743,441","740,055","840,527","1,020,739","1,176,225","155,486",15.2%,263,,
Bedford Av (L),,B,"9,053,980","7,836,366","2,873,798","4,989,268","7,255,571","8,399,477","1,143,906",15.8%,25,,
Bedford-Nostrand Avs (G),,B,"2,774,993","2,795,387","1,062,724","1,400,855","1,810,693","1,985,142","174,449",9.6%,172,,
"Bergen St (2,3)",,B,"1,140,677","1,208,319","435,520","525,186","775,145","990,992","215,847",27.8%,308,,
"Bergen St (F,G)",,B,"3,478,946","3,577,496","1,240,354","1,602,668","2,285,452","2,701,492","416,040",18.2%,129,,
Beverley Rd (Q),,B,"1,060,568","1,048,249","453,974","567,370","747,264","795,709","48,445",6.5%,339,,
"Beverly Rd (2,5)",,B,"1,307,405","1,284,232","607,427","690,326","867,812","951,520","83,708",9.6%,304,,
"Brighton Beach (B,Q)",,B,"3,778,194","3,745,994","1,683,782","1,947,393","2,283,378","2,635,382","352,004",15.4%,132,,
Broadway (G),,B,"1,402,102","1,506,905","728,238","868,771","995,482","1,112,371","116,889",11.7%,285,,
"Broadway Junction (A,C,J,L,Z)",,B,"2,810,636","2,759,349","1,292,868","1,317,906","1,445,460","1,647,748","202,288",14.0%,208,,
Bushwick Av-Aberdeen St (L),,B,"671,545","600,188","298,031","418,114","517,348","548,179","30,831",6.0%,380,,
Canarsie-Rockaway Pkwy (L),,B,"3,598,843","3,302,691","1,306,173","1,062,745","1,091,454","861,420","-230,034",-21.1%,312,,
"Carroll St (F,G)",,B,"3,490,924","3,615,019","1,261,245","1,605,517","2,241,074","2,625,017","383,943",17.1%,125,,
Central Av (M),18,B,"725,022","1,472,067","591,081","613,375","797,703","821,947","24,244",3.0%,326,,
"Chauncey St (J,Z)",,B,"1,063,828","1,076,510","479,409","526,390","569,841","623,164","53,323",9.4%,368,,
"Church Av (2,5)",,B,"2,818,535","2,862,033","1,335,645","1,537,560","1,844,979","1,947,722","102,743",5.6%,166,,
"Church Av (B,Q)",,B,"5,161,293","5,061,013","2,181,585","2,569,628","3,024,750","3,194,658","169,908",5.6%,95,,
"Church Av (F,G)",19,B,"3,099,383","3,051,736","1,368,063","1,579,762","1,917,284","2,060,505","143,221",7.5%,165,,
"Clark St (2,3)",,B,"1,550,414","1,781,419","589,682","667,841","845,791","1,554,195","708,404",83.8%,223,,
Classon Av (G),,B,"1,649,340","1,722,852","667,262","895,280","1,201,492","1,342,389","140,897",11.7%,241,,
Cleveland St (J),,B,"901,928","880,879","436,011","451,537","459,057","440,455","-18,602",-4.1%,397,,
Clinton-Washington Avs (C),,B,"2,178,439","2,144,338","724,726","916,121","1,328,169","1,587,595","259,426",19.5%,202,,
Clinton-Washington Avs (G),,B,"1,534,802","1,609,332","574,939","787,190","1,083,797","1,263,928","180,131",16.6%,252,,
"Coney Island-Stillwell Av (D,F,N,Q)",,B,"4,615,664","4,579,191","1,838,369","2,288,692","2,879,052","3,220,518","341,466",11.9%,108,,
Cortelyou Rd (Q),,B,"1,994,734","1,957,538","835,380","1,023,916","1,232,328","1,296,344","64,016",5.2%,245,,
"Court St (R)/Borough Hall (2,3,4,5)",,B,"10,364,534","10,135,722","3,356,706","3,728,044","5,334,384","6,066,699","732,315",13.7%,32,,
"Crescent St (J,Z)",,B,"1,467,166","1,391,945","677,801","739,465","767,792","756,318","-11,474",-1.5%,347,,
"Crown Heights-Utica Av (3,4)",,B,"7,920,192","7,933,008","3,654,953","3,936,420","4,584,880","5,071,387","486,507",10.6%,52,,
Cypress Hills (J),,B,"411,331","420,647","222,325","247,051","263,283","286,484","23,201",8.8%,412,,
"DeKalb Av (B,Q,R)",,B,"6,776,248","6,708,640","2,419,410","2,878,314","3,915,266","4,272,247","356,981",9.1%,65,,
DeKalb Av (L),,B,"4,000,252","3,290,894","1,541,784","2,155,743","2,485,248","2,772,609","287,361",11.6%,119,,
Ditmas Av (F),,B,"1,149,528","1,177,275","538,215","612,635","768,067","848,061","79,994",10.4%,309,,
East 105 St (L),,B,"1,139,556","1,001,343","477,302","479,124","541,924","602,303","60,379",11.1%,357,,
"Eastern Pkwy-Brooklyn Museum (2,3)",,B,"1,544,013","1,338,351","441,688","681,607","920,056","1,125,810","205,754",22.4%,293,,
"Euclid Av (A,C)",,B,"3,174,827","3,240,578","1,537,226","1,547,409","1,740,093","2,146,235","406,142",23.3%,155,,
"Flatbush Av-Brooklyn College (2,5)",,B,"5,822,873","5,684,108","2,404,776","2,587,148","3,270,806","3,601,151","330,345",10.1%,78,,
Flushing Av (G),,B,"874,498","732,897","402,100","558,413","624,004","729,349","105,345",16.9%,346,,
"Flushing Av (J,M)",,B,"2,537,390","2,773,154","1,256,788","1,372,156","1,480,637","1,614,503","133,866",9.0%,192,,
Fort Hamilton Pkwy (D),,B,"1,191,580","1,207,971","614,581","731,471","868,470","873,254","4,784",0.6%,314,,
"Fort Hamilton Pkwy (F,G)",,B,"1,765,887","1,800,167","633,055","817,620","1,155,293","1,341,506","186,213",16.1%,232,,
Fort Hamilton Pkwy (N),20,B,"969,878","1,372,278","780,316","996,284","1,344,329","1,530,067","185,738",13.8%,210,,
"Franklin Av (2,3,4,5)/Botanic Garden (S)",,B,"4,604,219","4,999,385","1,849,090","2,137,307","2,870,917","3,312,190","441,273",15.4%,100,,
"Franklin Av (C,S)",,B,"2,051,171","1,977,940","781,552","874,945","1,085,731","1,210,340","124,609",11.5%,270,,
Fulton St (G),,B,"1,745,439","1,768,601","743,347","973,973","1,322,495","1,534,593","212,098",16.0%,215,,
"Gates Av (J,Z)",,B,"2,234,908","2,249,791","957,606","1,125,621","1,313,293","1,458,035","144,742",11.0%,221,,
Graham Av (L),,B,"3,093,428","2,709,511","1,039,834","1,492,809","1,940,867","2,164,641","223,774",11.5%,156,,
"Grand Army Plaza (2,3)",,B,"2,228,173","2,295,401","813,305","984,813","1,390,871","1,653,318","262,447",18.9%,198,,
Grand St (L),,B,"2,126,443","1,847,219","809,406","1,122,527","1,408,122","1,499,646","91,524",6.5%,211,,
Grant Av (A),,B,"1,842,974","1,749,932","802,190","853,610","1,028,850","1,169,287","140,437",13.6%,262,,
Greenpoint Av (G),,B,"2,859,047","3,089,912","1,296,681","1,704,159","2,092,568","2,457,616","365,048",17.4%,140,,
Halsey St (J),,B,"2,059,030","2,120,521","871,012","950,058","1,099,779","1,253,085","153,306",13.9%,259,,
Halsey St (L),,B,"2,625,255","2,176,141","1,005,045","1,327,970","1,582,831","1,713,746","130,915",8.3%,185,,
"Hewes St (J,M)",,B,"893,262","1,117,566","468,382","516,269","564,558","612,920","48,362",8.6%,373,,
"High St (A,C)",,B,"3,463,611","3,536,860","1,043,554","1,397,257","2,166,149","2,247,144","80,995",3.7%,153,,
"Hoyt St (2,3)",,B,"1,982,208","2,293,256","898,643","1,084,836","1,397,715","1,666,303","268,588",19.2%,196,,
"Hoyt-Schermerhorn Sts (A,C,G)",,B,"3,370,038","3,605,153","1,426,671","1,744,024","2,308,619","2,795,555","486,936",21.1%,126,,
"Jay St-MetroTech (A,C,F,R)",,B,"12,504,027","12,238,047","4,048,255","4,473,920","6,436,276","7,343,495","907,219",14.1%,24,,
Jefferson St (L),,B,"2,515,861","2,237,997","912,845","1,347,227","1,766,118","2,075,924","309,806",17.5%,174,,
Junius St (3),,B,"620,548","676,092","346,436","364,344","446,604","487,780","41,176",9.2%,392,,
"Kings Hwy (B,Q)",,B,"5,895,421","5,938,819","2,588,491","3,187,538","3,871,890","4,244,252","372,362",9.6%,61,,
Kings Hwy (F),,B,"1,356,085","1,129,071","488,475","510,956","637,058","711,229","74,171",11.6%,345,,
Kings Hwy (N),21,B,"1,032,541","1,371,311","691,832","897,516","1,120,133","1,247,257","127,124",11.3%,256,,
Kingston Av (3),,B,"1,443,692","1,472,802","620,880","745,263","914,558","1,017,521","102,963",11.3%,289,,
Kingston-Throop Avs (C),,B,"2,099,891","2,055,094","791,030","936,706","1,265,471","1,444,252","178,781",14.1%,224,,
Knickerbocker Av (M),22,B,"772,085","1,544,093","659,855","675,807","815,237","862,039","46,802",5.7%,319,,
Kosciuszko St (J),,B,"1,908,610","1,779,062","731,320","882,810","1,056,675","1,214,488","157,813",14.9%,272,,
Lafayette Av (C),,B,"1,631,673","1,599,887","619,691","791,660","1,085,680","1,252,720","167,040",15.4%,268,,
Liberty Av (C),,B,"839,241","833,633","381,652","400,476","465,654","497,050","31,396",6.7%,383,,
Livonia Av (L),,B,"994,378","856,615","446,530","394,344","529,679","590,252","60,573",11.4%,364,,
"Lorimer St (J,M)",,B,"1,495,068","1,747,990","716,035","742,682","820,290","890,789","70,499",8.6%,320,,
Lorimer St (L)/Metropolitan Av (G),,B,"4,821,359","4,696,924","1,780,896","2,463,789","3,409,157","3,903,034","493,877",14.5%,90,,
"Marcy Av (J,M,Z)",,B,"4,171,666","4,717,791","1,816,258","2,028,980","2,540,327","2,864,396","324,069",12.8%,113,,
Montrose Av (L),,B,"2,239,760","1,933,886","828,023","1,221,841","1,520,566","1,683,408","162,842",10.7%,204,,
Morgan Av (L),,B,"2,465,927","2,100,475","866,007","1,234,325","1,569,277","1,769,142","199,865",12.7%,191,,
"Myrtle Av (J,M,Z)",,B,"3,789,470","3,854,024","1,563,366","1,734,324","2,135,172","2,654,490","519,318",24.3%,134,,
Myrtle-Willoughby Avs (G),,B,"1,768,122","1,820,637","789,214","957,769","1,190,174","1,265,040","74,866",6.3%,251,,
"Myrtle-Wyckoff Avs (L,M)",,B,"6,893,183","5,927,332","2,704,645","3,318,793","4,276,355","5,009,020","732,665",17.1%,56,,
Nassau Av (G),,B,"2,880,235","3,136,229","1,186,206","1,522,386","1,942,189","2,320,186","377,997",19.5%,152,,
Neck Rd (Q),,B,"1,366,989","1,362,524","573,448","655,522","826,571","956,059","129,488",15.7%,300,,
Neptune Av (F),,B,"433,083","428,163","185,099","211,247","288,867","320,508","31,641",11.0%,407,,
"Nevins St (2,3,4,5)",,B,"3,215,723","3,150,597","1,189,273","1,309,465","1,760,370","2,136,592","376,222",21.4%,159,,
New Lots Av (3),,B,"1,644,379","1,643,487","800,943","821,266","934,273","1,066,391","132,118",14.1%,281,,
New Lots Av (L),,B,"1,499,170","1,254,351","606,925","655,706","709,206","697,822","-11,384",-1.6%,350,,
New Utrecht Av (N)/62 St (D),23,B,"1,503,742","1,501,183","718,496","898,154","1,076,361","1,201,167","124,806",11.6%,266,,
"Newkirk Av (2,5)",,B,"2,221,270","2,131,839","1,021,789","1,142,138","1,358,530","1,426,266","67,736",5.0%,216,,
"Newkirk Plaza (B,Q)",,B,"3,258,207","3,252,504","1,356,510","1,689,443","2,021,403","2,170,621","149,218",7.4%,145,,
"Norwood Av (J,Z)",,B,"966,728","948,571","454,457","472,565","500,597","458,742","-41,855",-8.4%,394,,
Nostrand Av (3),,B,"1,250,715","1,370,372","512,753","603,014","745,179","809,205","64,026",8.6%,340,,
"Nostrand Av (A,C)",,B,"5,609,408","5,608,232","2,150,476","2,617,531","3,346,986","3,768,205","421,219",12.6%,80,,
Ocean Pkwy (Q),,B,"1,018,695","1,033,340","462,998","548,606","665,586","744,994","79,408",11.9%,349,,
Park Pl (S),,B,"537,340","519,984","214,950","259,323","326,818","348,208","21,390",6.5%,410,,
Parkside Av (Q),,B,"1,979,647","1,955,051","861,896","1,070,163","1,256,444","1,348,897","92,453",7.4%,244,,
Pennsylvania Av (3),,B,"1,279,685","1,360,708","662,596","719,312","792,673","868,432","75,759",9.6%,317,,
"President St (2,5)",,B,"1,197,019","1,037,219","443,229","559,407","692,595","742,431","49,836",7.2%,343,,
Prospect Av (R),,B,"1,638,002","1,780,893","676,624","885,878","1,175,311","1,299,538","124,227",10.6%,237,,
"Prospect Park (B,Q,S)",,B,"3,289,464","3,323,334","1,261,501","1,604,509","2,077,169","2,150,487","73,318",3.5%,161,,
Ralph Av (C),,B,"1,850,375","1,829,126","818,101","878,860","1,010,247","1,073,687","63,440",6.3%,287,,
Rockaway Av (3),,B,"1,412,271","1,451,431","722,986","764,655","812,348","838,719","26,371",3.2%,323,,
Rockaway Av (C),,B,"1,790,683","1,787,343","781,385","837,692","988,760","1,079,621","90,861",9.2%,283,,
Saratoga Av (3),,B,"1,535,733","1,556,357","786,160","841,082","920,284","941,203","20,919",2.3%,295,,
"Sheepshead Bay (B,Q)",,B,"4,183,545","4,169,796","1,772,098","2,052,229","2,519,233","2,821,135","301,902",12.0%,107,,
Shepherd Av (C),,B,"990,387","977,012","449,144","472,122","542,269","559,941","17,672",3.3%,374,,
"Smith-9 Sts (F,G)",,B,"1,466,151","1,435,824","609,725","698,444","881,979","968,460","86,481",9.8%,301,,
"Sterling St. (2,5)",,B,"1,753,125","1,654,809","745,895","911,058","1,128,133","1,227,426","99,293",8.8%,254,,
Sutter Av (L),,B,"1,246,958","1,047,762","483,645","512,751","504,518","479,262","-25,256",-5.0%,390,,
Sutter Av-Rutland Rd (3),,B,"1,968,448","2,019,485","995,590","1,056,784","1,184,067","1,272,857","88,790",7.5%,239,,
Union St (R),,B,"2,090,848","2,271,983","808,042","1,093,965","1,457,176","1,646,253","189,077",13.0%,195,,
"Utica Av (A,C)",,B,"5,195,786","5,106,247","2,085,483","2,249,322","2,671,676","2,907,120","235,444",8.8%,111,,
Van Siclen Av (3),,B,"854,150","853,106","413,650","413,686","473,728","491,980","18,252",3.9%,387,,
Van Siclen Av (C),,B,"955,230","918,811","437,290","442,084","501,085","525,801","24,716",4.9%,381,,
"Van Siclen Av (J,Z)",,B,"818,735","791,691","416,713","459,448","504,052","515,895","11,843",2.3%,382,,
"West 8 St-New York Aquarium (F,Q)",,B,"818,685","837,836","315,691","431,449","583,500","640,138","56,638",9.7%,367,,
Wilson Av (L),,B,"1,420,065","1,290,221","587,630","761,687","923,267","952,643","29,376",3.2%,307,,
"Winthrop St (2,5)",,B,"2,140,028","1,882,065","974,253","1,203,929","1,499,531","1,628,419","128,888",8.6%,187,,
York St (F),,B,"3,256,154","3,927,129","1,257,103","1,561,021","2,551,202","3,345,474","794,272",31.1%,102,,
Manhattan,,,,,,,,,,,,,
1 Av (L),,M,"6,743,140","5,345,371","2,177,284","3,960,124","5,337,253","5,745,700","408,447",7.7%,45,,
103 St (1),,M,"4,072,703","3,766,055","1,470,254","1,880,611","2,574,644","2,892,314","317,670",12.3%,114,,
103 St (6),,M,"4,065,523","4,039,570","1,851,275","2,112,042","2,489,375","2,601,308","111,933",4.5%,122,,
"103 St (B,C)",,M,"1,630,405","1,498,363","579,191","718,579","922,327","1,033,211","110,884",12.0%,291,,
110 St (6),,M,"3,394,176","3,316,061","1,468,770","1,722,459","2,050,861","2,096,322","45,461",2.2%,158,,
"116 St (2,3)",,M,"3,446,526","3,345,661","1,375,593","1,612,653","1,914,872","2,014,762","99,890",5.2%,170,,
116 St (6),,M,"4,683,148","4,572,453","2,052,609","2,341,695","2,794,564","2,766,817","-27,747",-1.0%,115,,
"116 St (B,C)",,M,"2,262,578","2,288,111","896,442","1,067,970","1,358,486","1,459,488","101,002",7.4%,218,,
116 St-Columbia University (1),,M,"4,528,136","4,380,469","1,316,284","1,822,117","2,897,994","3,416,295","518,301",17.9%,88,,
125 St (1),,M,"2,457,157","2,368,025","967,478","1,203,374","1,761,867","1,986,493","224,626",12.7%,168,,
"125 St (2,3)",,M,"4,727,671","4,644,262","1,848,803","2,121,918","2,521,152","2,672,981","151,829",6.0%,135,,
"125 St (4,5,6)",,M,"8,630,430","8,554,857","3,587,673","3,772,990","4,475,736","4,884,086","408,350",9.1%,55,,
"125 St (A,B,C,D)",,M,"9,037,343","9,208,598","3,863,203","4,353,615","5,182,313","5,543,346","361,033",7.0%,46,,
"135 St (2,3)",,M,"4,506,259","4,268,823","1,867,402","2,048,382","2,262,461","2,201,400","-61,061",-2.7%,149,,
"135 St (B,C)",,M,"1,622,552","1,743,921","667,495","753,875","1,019,037","1,083,148","64,111",6.3%,278,,
137 St-City College (1),,M,"4,260,166","3,874,783","1,717,440","1,941,779","2,533,342","2,738,004","204,662",8.1%,126,,
"14 St (A,C,E)/8 Av (L)",,M,"14,324,670","14,239,275","4,463,227","6,144,808","9,193,520","10,863,467","1,669,947",18.2%,17,,
"14 St (F,M,1,2,3)/6 Av (L)",,M,"15,002,214","14,736,035","5,057,029","6,306,914","8,792,335","11,328,347","2,536,012",28.8%,15,,
"14 St-Union Sq (L,N,Q,R,W,4,5,6)",,M,"33,124,407","32,385,260","10,830,712","13,165,975","17,809,631","21,527,757","3,718,126",20.9%,4,,
145 St (1),,M,"3,062,446","2,936,613","1,264,852","1,559,488","2,036,875","2,100,654","63,779",3.1%,162,,
145 St (3),24,M,"635,413","954,825","438,388","506,217","574,054","574,727",673,0.1%,369,,
"145 St (A,B,C,D)",,M,"7,434,662","7,464,653","3,111,334","3,468,964","4,225,726","4,678,774","453,048",10.7%,59,,
"155 St (B,D)",,M,"1,115,948","1,123,868","546,625","581,704","630,547","585,619","-44,928",-7.1%,363,,
155 St (C),,M,"1,001,262","895,036","367,255","415,142","490,246","539,511","49,265",10.0%,385,,
157 St (1),,M,"3,514,522","3,739,786","1,414,356","1,715,878","2,220,795","2,288,380","67,585",3.0%,144,,
163 St-Amsterdam Av (C),25,M,"548,092","1,390,312","617,596","679,641","783,629","840,255","56,626",7.2%,333,,
"168 St (A,C,1)",26,M,"8,150,537","6,156,288","3,265,733","4,029,229","4,657,808","5,161,102","503,294",10.8%,50,,
175 St (A),,M,"3,879,652","4,182,625","1,665,946","1,995,451","2,135,272","2,258,838","123,566",5.8%,143,,
18 St (1),,M,"2,683,235","2,649,616","803,924","961,311","1,497,039","1,813,302","316,263",21.1%,180,,
181 St (1),27,M,"3,605,435","3,523,536","1,682,772","115,142","1,952,205","2,416,958","464,753",23.8%,141,,
181 St (A),,M,"3,368,097","3,404,841","1,364,548","2,009,705","1,874,762","1,751,997","-122,765",-6.5%,179,,
190 St (A),,M,"1,423,142","1,535,450","562,043","476,475","776,585","951,786","175,201",22.6%,302,,
191 St (1),28,M,"2,526,932","2,333,160","453,577","1,439,161","1,534,115","1,682,168","148,053",9.7%,188,,
2 Av (F),,M,"5,034,358","5,583,944","1,846,978","2,557,592","3,571,480","4,192,759","621,279",17.4%,82,,
207 St (1),,M,"2,020,214","1,853,146","892,067","998,062","1,307,026","1,352,957","45,931",3.5%,233,,
215 St (1),,M,"553,050","527,505","212,402","274,527","403,240","459,810","56,570",14.0%,396,,
23 St (1),,M,"4,853,909","4,627,755","1,566,363","1,843,351","2,741,773","3,154,290","412,517",15.0%,106,,
23 St (6),,M,"9,035,498","8,659,806","2,677,996","2,985,473","4,766,220","5,409,296","643,076",13.5%,39,,
"23 St (C,E)",,M,"7,420,152","7,272,610","2,341,259","2,932,938","3,897,436","4,370,344","472,908",12.1%,62,,
"23 St (F,M)",29,M,"5,099,809","8,619,473","3,100,291","3,240,722","4,752,694","5,423,352","670,658",14.1%,41,,
"23 St (R,W)",,M,"8,155,834","7,085,694","2,020,698","2,468,679","3,645,349","4,260,867","615,518",16.9%,69,,
28 St (1),,M,"4,444,072","4,493,352","1,367,598","1,582,275","2,584,967","3,038,057","453,090",17.5%,104,,
28 St (6),30,M,"3,525,030","5,834,989","2,230,478","2,553,865","3,626,532","4,380,514","753,982",20.8%,63,,
"28 St (R,W)",,M,"4,445,982","4,018,310","1,197,468","1,435,457","2,142,492","2,717,163","574,671",26.8%,136,,
3 Av (L),,M,"2,204,834","1,700,456","742,241","1,119,803","1,448,575","1,564,084","115,509",8.0%,219,,
33 St (6),,M,"9,530,273","8,934,900","3,078,482","3,655,767","4,851,074","5,666,586","815,512",16.8%,37,,
"34 St-Herald Sq (B,D,F,M,N,Q,R,W)",,M,"39,111,312","39,385,436","12,826,841","15,037,793","20,972,120","23,680,977","2,708,857",12.9%,3,,
34 St-Hudson Yards (7),,M,"3,189,867","6,108,384","2,092,769","2,811,015","4,376,335","5,494,067","1,117,732",25.5%,44,,
"34 St-Penn Station (1,2,3)",,M,"25,968,950","25,967,676","8,103,809","8,935,671","13,340,397","15,224,047","1,883,650",14.1%,8,,
"34 St-Penn Station (A,C,E)",,M,"24,857,456","25,631,364","8,010,472","9,855,288","14,328,387","16,974,543","2,646,156",18.5%,6,,
"47-50 Sts-Rockefeller Center (B,D,F,M)",,M,"17,289,384","18,604,810","5,826,100","6,110,395","9,781,251","11,387,612","1,606,361",16.4%,12,,
"49 St (N,R,W)",,M,"8,394,862","7,410,041","1,985,474","2,653,104","4,692,505","5,566,042","873,537",18.6%,51,,
"5 Av-53 St (E,M)",,M,"7,748,504","7,684,091","2,076,871","2,328,956","3,716,861","4,733,296","1,016,435",27.3%,53,,
"5 Av-59 St (N,R,W)",,M,"5,136,918","4,995,128","1,672,584","2,137,582","3,026,367","3,485,505","459,138",15.2%,94,,
50 St (1),,M,"8,088,925","8,134,360","2,213,137","2,481,176","4,946,989","5,893,837","946,848",19.1%,38,,
"50 St (C,E)",,M,"6,441,984","6,902,595","2,002,813","2,714,329","4,126,925","4,857,531","730,606",17.7%,60,,
57 St (F),31,M,"2,254,820","4,550,216","1,491,039","1,775,855","2,992,231","2,582,091","-410,140",-13.7%,131,,
"57 St-7 Av (N,Q,R,W)",,M,"11,978,164","11,012,550","3,474,824","4,099,554","6,429,389","7,787,658","1,358,269",21.1%,26,,
"59 St-Columbus Circle (A,B,C,D,1)",,M,"22,991,014","23,040,650","7,618,925","9,310,678","13,777,313","15,842,348","2,065,035",15.0%,7,,
66 St-Lincoln Center (1),,M,"7,196,026","7,068,256","2,141,714","2,479,656","4,015,455","4,771,815","756,360",18.8%,58,,
68 St-Hunter College (6),,M,"6,537,270","6,699,711","2,511,235","2,987,056","4,278,409","5,164,087","885,678",20.7%,40,,
"7 Av (B,D,E)",,M,"5,299,531","5,508,778","1,545,234","1,757,665","3,100,698","3,892,682","791,984",25.5%,75,,
"72 St (1,2,3)",,M,"12,879,887","12,379,560","4,498,641","5,718,388","7,791,430","9,086,110","1,294,680",16.6%,22,,
"72 St (B,C)",32,M,"1,382,963","2,837,041","935,070","1,369,718","1,904,998","2,343,378","438,380",23.0%,151,,
72 St (Q),,M,"9,068,131","9,528,891","3,752,228","4,786,684","5,884,370","6,478,996","594,626",10.1%,27,,
77 St (6),,M,"7,653,602","7,821,286","3,190,550","4,117,467","5,359,989","6,231,273","871,284",16.3%,30,,
79 St (1),,M,"4,990,840","4,745,863","1,678,293","2,273,868","3,182,626","3,519,664","337,038",10.6%,93,,
"8 St-New York University (R,W)",,M,"5,686,332","5,434,212","1,549,451","2,116,673","3,260,289","3,780,675","520,386",16.0%,87,,
"81 St-Museum of Natural History (B,C)",,M,"4,748,083","4,407,607","1,275,973","1,888,156","2,819,094","3,531,009","711,915",25.3%,99,,
86 St. (1),,M,"6,139,911","5,659,795","2,076,862","2,712,070","3,672,777","3,983,729","310,952",8.5%,74,,
"86 St. (4,5,6)",,M,"13,486,510","13,537,308","5,155,496","6,576,295","8,783,809","10,472,358","1,688,549",19.2%,16,,
"86 St. (B,C)",,M,"1,734,366","3,232,637","1,188,684","1,548,082","2,073,430","2,486,809","413,379",19.9%,137,,
86 St (Q),,M,"8,075,480","8,378,778","2,913,038","3,589,258","4,881,132","5,443,029","561,897",11.5%,48,,
"96 St (1,2,3)",,M,"11,702,401","11,628,887","4,293,386","5,381,939","7,059,602","7,856,393","796,791",11.3%,23,,
96 St (6),,M,"5,151,742","5,145,222","2,219,217","2,656,566","3,392,056","3,760,351","368,295",10.9%,72,,
"96 St (B,C)",,M,"2,836,643","3,038,864","1,194,638","1,478,303","1,831,940","2,133,657","301,717",16.5%,148,,
96 St (Q),,M,"6,014,304","6,154,837","2,353,959","2,771,138","3,535,278","3,832,205","296,927",8.4%,77,,
Astor Place (6),,M,"5,111,358","5,502,925","1,684,189","2,127,381","3,222,161","3,717,074","494,913",15.4%,85,,
"Bowery (J,Z)",,M,"1,275,541","1,325,244","454,326","572,281","748,064","887,619","139,555",18.7%,344,,
"Bowling Green (4,5)",,M,"8,251,885","8,362,034","2,503,222","2,632,772","4,011,235","4,575,586","564,351",14.1%,57,,
"Broad St (J,Z)",,M,"1,967,616","2,172,223","698,480","746,314","1,032,292","1,214,353","182,061",17.6%,250,,
"Broadway-Lafayette St (B,D,F,M)/Bleecker St (6)",,M,"11,414,999","12,455,155","4,062,645","5,274,947","7,806,844","9,268,403","1,461,559",18.7%,21,,
"Brooklyn Bridge-City Hall (4,5,6)/Chambers St (J,Z)",,M,"9,060,206","9,065,146","2,710,023","3,147,136","5,050,750","5,881,022","830,272",16.4%,34,,
Canal St (1),,M,"1,884,371","1,984,827","560,302","633,250","988,102","1,148,885","160,783",16.3%,276,,
"Canal St (A,C,E)",,M,"6,160,037","6,403,172","1,965,245","2,243,849","3,247,717","3,950,546","702,829",21.6%,73,,
"Canal St (J,N,Q,R,W,Z,6)",,M,"15,995,877","15,861,864","4,881,373","6,297,364","8,680,004","10,521,747","1,841,743",21.2%,18,,
Cathedral Pkwy-110 St (1),,M,"4,013,259","3,703,893","1,433,586","1,917,734","2,616,906","2,898,816","281,910",10.8%,117,,
"Cathedral Pkwy-110 St (B,C)",34,M,"1,168,203","2,396,624","934,145","1,205,170","1,524,260","1,684,290","160,030",10.5%,192,,
"Central Park North-110 St (2,3)",,M,"2,823,756","2,666,985","1,060,348","1,222,250","1,475,096","1,598,022","122,926",8.3%,207,,
"Chambers St (1,2,3)",,M,"6,108,641","5,941,546","1,781,685","1,957,661","3,259,105","3,782,605","523,500",16.1%,70,,
"Chambers St (A,C)/WTC (E)/Park Place (2,3)/Cortlandt (R,W)",,M,"21,636,146","20,820,549","5,930,847","6,413,162","10,218,699","12,298,422","2,079,723",20.4%,11,,
Christopher St-Sheridan Sq (1),,M,"3,312,074","3,412,332","1,067,635","1,597,437","2,434,305","2,817,379","383,074",15.7%,138,,
"City Hall (R,W)",,M,"1,920,070","1,710,380","536,758","616,119","944,529","1,138,401","193,872",20.5%,261,,
"Delancey St (F)/Essex St (J,M,Z)",,M,"7,922,586","8,861,296","3,388,714","4,415,980","5,961,548","7,083,681","1,122,133",18.8%,29,,
Dyckman St (1),,M,"2,263,932","2,079,656","1,055,222","1,154,408","1,467,267","1,512,897","45,630",3.1%,212,,
Dyckman St (A),,M,"2,037,425","2,238,372","953,250","1,095,910","1,214,785","1,306,098","91,313",7.5%,240,,
East Broadway (F),,M,"4,216,327","4,460,330","1,622,512","2,013,700","2,825,001","3,729,749","904,748",32.0%,86,,
Franklin St (1),,M,"1,757,424","1,567,005","501,136","613,327","1,090,840","1,329,726","238,886",21.9%,227,,
"Fulton St (A,C,J,Z,2,3,4,5)",,M,"27,719,115","27,715,365","8,855,302","9,728,874","14,963,870","17,887,203","2,923,333",19.5%,5,,
"Grand Central-42 St (S,4,5,6,7)",,M,"45,207,849","45,745,700","13,162,826","14,002,142","22,937,475","30,517,475","7,580,000",33.0%,2,,
"Grand St (B,D)",,M,"7,187,070","8,024,364","2,908,017","3,676,433","4,922,207","5,821,650","899,443",18.3%,43,,
Harlem-148 St (3),,M,"1,232,448","1,120,454","473,937","532,571","610,285","679,539","69,254",11.3%,353,,
Houston St (1),,M,"4,488,886","4,496,793","1,378,640","1,509,148","2,374,723","2,749,660","374,937",15.8%,112,,
Inwood-207 St (A),,M,"2,796,626","3,150,731","1,260,062","1,396,591","1,484,846","1,632,951","148,105",10.0%,194,,
"Lexington Av (N,Q,R)/59 St (4,5,6)",,M,"16,955,204","16,760,813","6,273,480","7,397,107","9,894,012","11,691,818","1,797,806",18.2%,14,,
"Lexington Av-53 St (E,M)/51 St (6)",,M,"18,585,755","18,957,465","5,718,725","6,226,900","9,748,849","11,339,465","1,590,616",16.3%,12,,
"Lexington Av-63 St (F,Q)",,M,"6,506,078","6,567,634","2,441,527","3,129,478","4,070,117","3,736,349","-333,768",-8.2%,79,,
Marble Hill-225 St (1),,M,"1,686,237","1,561,844","754,010","828,832","1,025,805","1,067,679","41,874",4.1%,284,,
"Prince St (R,W)",,M,"5,142,727","4,342,692","1,218,279","1,864,902","2,673,575","3,128,710","455,135",17.0%,128,,
Rector St (1),,M,"2,764,454","2,554,523","708,206","887,375","1,406,133","1,606,245","200,112",14.2%,209,,
"Rector St (R,W)",,M,"2,154,295","2,014,996","594,426","674,273","952,233","1,127,341","175,108",18.4%,267,,
Roosevelt Island (F),,M,"2,269,432","2,380,764","893,253","1,230,617","1,781,913","1,686,544","-95,369",-5.4%,197,,
"South Ferry (1)/Whitehall St (R,W)",,M,"10,275,268","10,272,682","3,065,053","3,600,135","5,151,250","5,995,305","844,055",16.4%,36,,
Spring St (6),,M,"3,654,673","3,754,272","1,123,745","1,682,203","2,557,718","2,969,643","411,925",16.1%,133,,
"Spring St (C,E)",,M,"3,853,792","4,423,135","1,377,863","1,762,208","2,509,293","2,941,927","432,634",17.2%,105,,
"Times Sq-42 St (N,Q,R,S,W,1,2,3,7)/42 St (A,C,E)/Bryant Pk (B,D,F,M)/5 Av (7)",,M,"81,116,784","82,233,996","25,746,634","29,507,558","45,023,339","54,266,441","9,243,102",20.5%,1,,
"Wall St (2,3)",,M,"6,452,733","6,910,581","2,029,161","1,991,358","3,065,803","3,729,954","664,151",21.7%,76,,
"Wall St (4,5)",,M,"5,646,207","5,720,475","1,710,383","1,794,655","2,729,596","3,393,094","663,498",24.3%,84,,
"West 4 St-Washington Sq (A,B,C,D,E,F,M)",,M,"13,446,383","14,063,633","4,503,429","5,833,859","8,145,412","10,011,362","1,865,950",22.9%,20,,
WTC Cortlandt (1),35,M,"1,245,455","4,232,521","1,138,815","1,280,003","2,437,993","3,358,064","920,071",37.7%,98,,
Queens,,,,,,,,,,,,,
103 St-Corona Plaza (7),,Q,"6,319,564","6,399,657","3,311,294","4,069,292","4,758,594","6,460,459","1,701,865",35.8%,28,,
104 St (A),,Q,"548,871","536,924","243,156","274,883","345,525","363,436","17,911",5.2%,405,,
"104 St (J,Z)",36,Q,"456,765","774,888","365,060","439,642","494,615","591,761","97,146",19.6%,356,,
111 St (7),37,Q,"3,608,389","3,836,999","2,119,770","2,399,049","2,774,756","2,098,984","-675,772",-24.4%,164,,
111 St (A),,Q,"762,641","760,163","339,066","368,997","450,084","466,344","16,260",3.6%,389,,
111 St (J),38,Q,"801,639","350,344","302,101","378,100","414,879","453,695","38,816",9.4%,388,,
"121 St (J,Z)",39,Q,"391,696","675,500","315,015","384,709","446,750","476,966","30,216",6.8%,384,,
169 St (F),,Q,"2,497,336","2,465,120","1,061,564","1,241,861","1,523,722","1,627,817","104,095",6.8%,190,,
21 St (G),,Q,"550,464","535,536","228,383","313,868","373,697","448,606","74,909",20.0%,403,,
21 St-Queensbridge (F),40,Q,"3,340,366","3,516,992","1,355,845","1,531,006","2,230,639","1,579,379","-651,260",-29.2%,200,,
"30 Av (N,W)",41,Q,"2,373,721","5,230,182","1,767,179","2,033,898","2,633,548","3,015,519","381,971",14.5%,103,,
33 St-Rawson St (7),,Q,"3,031,465","2,907,388","956,400","1,032,172","1,581,947","1,714,912","132,965",8.4%,167,,
"36 Av (N,W)",42,Q,"1,446,827","1,933,812","845,827","980,573","1,288,740","1,475,603","186,863",14.5%,214,,
"36 St (M,R)",,Q,"1,513,330","1,383,420","470,766","519,938","728,776","769,239","40,463",5.6%,331,,
"39 Av (N,W)",,Q,"665,750","761,816","382,607","425,965","617,339","805,613","188,274",30.5%,335,,
40 St-Lowery St (7),,Q,"3,048,104","3,074,342","1,236,614","1,539,302","2,013,903","2,189,736","175,833",8.7%,147,,
"46 St (M,R)",,Q,"2,711,011","2,609,445","1,052,114","1,250,697","1,591,672","1,662,115","70,443",4.4%,189,,
46 St-Bliss St (7),,Q,"4,058,815","4,019,044","1,769,578","2,169,169","2,687,856","2,903,856","216,000",8.0%,109,,
52 St (7),,Q,"1,883,246","1,907,368","847,430","1,061,804","1,317,534","1,402,690","85,156",6.5%,225,,
"63 Dr-Rego Park (M,R)",,Q,"4,769,745","4,753,706","1,954,647","2,319,942","2,798,730","3,033,839","235,109",8.4%,101,,
"65 St (M,R)",,Q,"1,129,031","1,098,148","465,309","567,622","678,095","729,908","51,813",7.6%,348,,
"67 Av (M,R)",,Q,"2,592,645","2,641,450","1,021,518","1,161,639","1,487,051","1,658,341","171,290",11.5%,181,,
69 St (7),,Q,"1,510,410","1,564,387","743,488","993,701","1,280,250","1,391,674","111,424",8.7%,229,,
"74-Broadway (7)/Jackson Hts-Roosevelt Av (E,F,M,R)",,Q,"16,994,358","17,077,862","7,523,538","9,437,073","11,848,368","14,348,691","2,500,323",21.1%,9,,
"75 Av (E,F)",,Q,"1,019,978","1,059,027","395,084","463,228","605,747","683,707","77,960",12.9%,352,,
"75 St-Elderts Ln (J,Z)",44,Q,"992,267","1,029,388","516,795","616,695","653,029","403,508","-249,521",-38.2%,399,,
80 St (A),,Q,"1,332,047","1,298,825","552,808","662,344","854,247","898,594","44,347",5.2%,310,,
82 St-Jackson Hts (7),45,Q,"4,741,470","4,893,865","2,297,896","3,182,336","3,751,240","2,722,243","-1,028,997",-27.4%,130,,
85 St-Forest Pkwy (J),,Q,"1,063,133","1,061,293","546,685","632,887","692,867","829,926","137,059",19.8%,311,,
88 St (A),,Q,"855,851","853,110","384,745","430,498","531,202","576,816","45,614",8.6%,361,,
90 St-Elmhurst Av (7),,Q,"5,245,160","5,272,683","2,661,934","3,299,515","3,791,913","4,476,908","684,995",18.1%,64,,
Aqueduct Racetrack (A),,Q,"732,091","601,436","168,737","234,571","200,290","202,474","2,184",1.1%,417,,
Aqueduct-North Conduit Av (A),,Q,"276,067","263,422","107,146","125,407","142,044","162,584","20,540",14.5%,416,,
"Astoria Blvd (N,W)",46,Q,"4,226,298","723,354","1,053,976","1,582,181","2,182,362","2,350,512","168,150",7.7%,142,,
"Astoria-Ditmars Blvd (N,W)",,Q,"4,543,854","5,277,341","1,996,236","2,280,654","2,999,579","3,234,661","235,082",7.8%,97,,
"Beach 105 St (A,S)",,Q,"92,852","88,439","37,750","41,437","57,637","62,878","5,241",9.1%,423,,
Beach 25 St (A),,Q,"543,839","517,164","258,136","267,817","314,340","318,542","4,202",1.3%,411,,
Beach 36 St (A),,Q,"275,165","292,305","149,257","155,722","174,537","170,361","-4,176",-2.4%,415,,
Beach 44 St (A),,Q,"216,609","215,701","109,448","111,217","127,686","140,167","12,481",9.8%,419,,
Beach 60 St (A),,Q,"630,038","623,826","313,416","312,493","349,205","355,668","6,463",1.9%,408,,
Beach 67 St-Arverne By The Sea (A),,Q,"669,421","718,008","366,760","383,966","436,104","474,975","38,871",8.9%,395,,
"Beach 90 St (A,S)",,Q,"382,766","348,771","129,188","148,147","171,603","172,663","1,060",0.6%,418,,
"Beach 98 St (A,S)",,Q,"154,620","164,130","63,297","71,935","93,397","97,689","4,292",4.6%,421,,
"Briarwood-Van Wyck Blvd (E,F)",,Q,"1,462,744","1,501,152","627,403","742,983","968,251","1,046,884","78,633",8.1%,282,,
"Broad Channel (A,S)",,Q,"82,248","90,358","35,837","39,981","49,631","52,378","2,747",5.5%,422,,
"Broadway (N,W)",47,Q,"2,436,810","3,038,655","1,463,280","1,809,540","2,365,718","2,763,230","397,512",16.8%,118,,
"Court Sq (E,G,M,7)",,Q,"7,218,939","7,033,377","2,368,959","2,830,854","4,426,924","5,381,184","954,260",21.6%,47,,
"Elmhurst Av (M,R)",,Q,"3,898,046","3,867,341","1,706,575","2,047,952","2,446,607","2,676,734","230,127",9.4%,120,,
Far Rockaway-Mott Av (A),,Q,"1,376,087","1,347,765","709,394","715,676","775,401","852,781","77,380",10.0%,318,,
Flushing-Main St (7),,Q,"17,799,862","17,568,837","6,944,923","9,206,396","11,722,581","13,876,213","2,153,632",18.4%,10,,
Forest Av (M),,Q,"927,801","1,310,163","609,687","689,509","861,278","923,548","62,270",7.2%,296,,
"Forest Hills-71 Av (E,F,M,R)",,Q,"8,115,385","8,027,234","3,100,667","3,659,612","4,794,614","5,509,732","715,118",14.9%,42,,
Fresh Pond Rd (M),,Q,"1,400,512","1,776,084","841,585","937,847","1,132,629","1,195,169","62,540",5.5%,247,,
"Grand Av-Newtown (M,R)",,Q,"5,713,827","5,730,846","2,394,479","2,932,966","3,588,300","3,893,242","304,942",8.5%,71,,
Howard Beach-JFK Airport (A),,Q,"1,154,695","1,171,303","325,750","457,932","766,744","826,955","60,211",7.9%,342,,
Hunters Point Av (7),,Q,"1,932,478","1,885,928","705,574","703,246","1,038,309","1,039,399","1,090",0.1%,264,,
"Jamaica Center-Parsons-Archer (E,J,Z)",,Q,"10,681,269","10,010,419","4,284,646","4,766,773","5,240,027","5,715,839","475,812",9.1%,33,,
Jamaica-179 St (F),,Q,"6,270,766","6,262,449","2,741,359","3,023,613","3,723,038","3,944,828","221,790",6.0%,67,,
Jamaica-Van Wyck (E),,Q,"1,502,672","1,412,179","807,093","777,620","907,248","1,010,728","103,480",11.4%,288,,
Junction Blvd (7),,Q,"6,896,657","6,883,317","3,622,647","4,656,086","5,520,086","6,720,760","1,200,674",21.8%,31,,
"Kew Gardens-Union Turnpike (E,F)",,Q,"7,680,149","7,625,674","3,054,242","3,508,016","4,448,452","5,016,215","567,763",12.8%,49,,
Mets-Willets Point (7),,Q,"1,756,825","2,025,162","311,888","1,034,620","1,430,664","1,818,251","387,587",27.1%,220,,
Middle Village-Metropolitan Av (M),,Q,"954,875","1,090,449","514,007","612,324","749,356","798,449","49,093",6.6%,321,,
"Northern Blvd (M,R)",,Q,"2,097,374","2,008,091","902,165","1,067,116","1,268,933","1,400,392","131,459",10.4%,217,,
Ozone Park-Lefferts Blvd (A),,Q,"2,296,755","2,216,647","1,019,115","1,076,417","1,263,152","1,285,335","22,183",1.8%,228,,
Parsons Blvd (F),,Q,"2,003,517","2,086,114","1,089,861","1,133,530","1,377,535","1,584,984","207,449",15.1%,201,,
"Queens Plaza (E,M,R)",,Q,"3,886,574","4,334,290","1,422,188","1,691,730","2,662,316","3,645,653","983,337",36.9%,83,,
"Queensboro Plaza (N,W,7)",,Q,"5,079,051","5,018,211","1,790,223","2,225,527","3,116,629","3,573,523","456,894",14.7%,92,,
Rockaway Blvd (A),,Q,"2,336,304","2,299,903","1,040,869","1,196,776","1,459,323","1,519,523","60,200",4.1%,203,,
"Rockaway Park-Beach 116 St (A,S)",,Q,"240,483","228,144","110,133","109,098","131,421","132,504","1,083",0.8%,420,,
Seneca Av (M),,Q,"565,714","1,080,829","474,806","466,641","531,319","617,361","86,042",16.2%,358,,
"Steinway St. (M,R)",,Q,"5,075,623","4,715,335","1,768,131","2,110,765","2,629,433","2,730,057","100,624",3.8%,121,,
Sutphin Blvd (F),,Q,"1,303,795","1,345,420","702,013","707,596","836,028","882,617","46,589",5.6%,316,,
"Sutphin Blvd-Archer Av-JFK Airport (E,J,Z)",,Q,"7,282,128","7,354,064","2,951,061","3,799,692","4,770,175","5,941,974","1,171,799",24.6%,35,,
Vernon Blvd-Jackson Av (7),,Q,"4,493,326","4,623,070","1,768,317","2,189,038","3,113,214","3,631,659","518,445",16.7%,81,,
"Woodhaven Blvd (J,Z)",48,Q,"1,370,889","1,337,787","681,796","753,419","838,374","557,522","-280,852",-33.5%,361,,
"Woodhaven Blvd (M,R)",,Q,"6,509,386","6,381,132","2,634,483","3,302,348","3,905,277","4,237,180","331,903",8.5%,66,,
Woodside-61 St (7),,Q,"5,282,486","5,345,369","2,391,083","3,037,602","3,872,081","4,222,161","350,080",9.0%,68,,
,,,,,,,,,,,,,
Brooklyn,,,"370,231,302","370,545,959","153,292,738","183,587,543","232,489,655","260,211,533","27,721,878",11.9%,,,
Bronx,,,"139,238,932","138,381,037","65,662,311","72,920,734","81,067,948","82,306,692","1,238,744",1.5%,,,
Manhattan,,,"936,516,980","952,710,327","319,882,176","381,549,651","546,640,695","638,450,910","91,810,215",16.8%,,,
Queens,,,"234,085,767","236,149,679","100,703,801","121,918,793","153,227,167","171,029,023","17,801,856",11.6%,,,
Systemwide Adjustment,,,"-12,579",,,,,,0,,,,
System Total,,,"1,680,060,402","1,697,787,002","639,541,025","759,976,721","1,013,425,465","1,151,998,158","138,572,693",13.7%,,,
,,,,,,,,,,,,,
"* MTA New York City Transit Temporary Station Closings, 2018-2023",,,,,,,,,,,,,
,,,,,,,,,,,,,
,,,,,,,,,,,,,
,,,,,,,,,,,,,
,,,,,,,,,,,,,